Question_id,Question,Answer,score
1,"يحتوي القرآن الكريم على (علامة السجدة) في عدة مواضع، فما هو عددها؟","في القرآن الكريم، توجد علامات السجود في عدة مواضع تبلغ 15 موضعًا مختلفًا.",1
1,"يحتوي القرآن الكريم على (علامة السجدة) في عدة مواضع، فما هو عددها؟",هناك 15 موضعا في القرآن الكريم حيث وردت علامة السجدة.,1
1,"يحتوي القرآن الكريم على (علامة السجدة) في عدة مواضع، فما هو عددها؟","القرآن الكريم يحتوي على علامات السجدة في عدة مواضع، وعددها هو 15 موضعاً مختلفاً.",1
1,"يحتوي القرآن الكريم على (علامة السجدة) في عدة مواضع، فما هو عددها؟",عدد المواضع هو 15,1
1,"يحتوي القرآن الكريم على (علامة السجدة) في عدة مواضع، فما هو عددها؟",يحتوي على 15 سجدة,1
1,"يحتوي القرآن الكريم على (علامة السجدة) في عدة مواضع، فما هو عددها؟",15 سجدة,1
1,"يحتوي القرآن الكريم على (علامة السجدة) في عدة مواضع، فما هو عددها؟",عدد علامات السجود في القرآن الكريم هو 15 موضعًا.,1
1,"يحتوي القرآن الكريم على (علامة السجدة) في عدة مواضع، فما هو عددها؟",يوجد 15 موضعًا في القرآن الكريم حيث يُطلب السجود.,1
1,"يحتوي القرآن الكريم على (علامة السجدة) في عدة مواضع، فما هو عددها؟",هناك 15 علامة سجود موزعة في القرآن.,1
1,"يحتوي القرآن الكريم على (علامة السجدة) في عدة مواضع، فما هو عددها؟",15 هو العدد الكامل لعلامات السجود في القرآن.,1
1,"يحتوي القرآن الكريم على (علامة السجدة) في عدة مواضع، فما هو عددها؟",تم رصد 15 موضعًا تستلزم فيها السجود أثناء قراءة القرآن الكريم.,1
1,"يحتوي القرآن الكريم على (علامة السجدة) في عدة مواضع، فما هو عددها؟",القرآن الكريم يحتوي على 15 علامة تشير إلى السجود.,1
1,"يحتوي القرآن الكريم على (علامة السجدة) في عدة مواضع، فما هو عددها؟",هناك 15 تنبيهًا في القرآن لأداء السجود أثناء القراءة.,1
1,"يحتوي القرآن الكريم على (علامة السجدة) في عدة مواضع، فما هو عددها؟",عدد علامات السجود الموجودة في القرآن الكريم هو 15 علامة.,1
1,"يحتوي القرآن الكريم على (علامة السجدة) في عدة مواضع، فما هو عددها؟",القرآن الكريم يحتوي على 15 موضعًا مختلفًا حيث يوجد علامات السجود.,1
1,"يحتوي القرآن الكريم على (علامة السجدة) في عدة مواضع، فما هو عددها؟",علامات السجود موجودة في القرآن الكريم في 15 مكانًا محددًا.,1
1,"يحتوي القرآن الكريم على (علامة السجدة) في عدة مواضع، فما هو عددها؟",القرآن يحتوي على 15 موضعا تُسجد فيها خلال التلاوة.,1
1,"يحتوي القرآن الكريم على (علامة السجدة) في عدة مواضع، فما هو عددها؟",هناك 15 نقطة في القرآن الكريم تدل على السجود.,1
1,"يحتوي القرآن الكريم على (علامة السجدة) في عدة مواضع، فما هو عددها؟",القرآن الكريم يحتوي على 15 موضعًا يُشير فيها إلى سجدة القراءة.,1
1,"يحتوي القرآن الكريم على (علامة السجدة) في عدة مواضع، فما هو عددها؟",علامات السجدة في القرآن الكريم تظهر في 15 موضعًا مختلفًا.,1
1,"يحتوي القرآن الكريم على (علامة السجدة) في عدة مواضع، فما هو عددها؟",لا يمكن العثور على أي علامة سجود في النص القرآني.,0
1,"يحتوي القرآن الكريم على (علامة السجدة) في عدة مواضع، فما هو عددها؟","في كل صفحة من القرآن، يوجد موضع واحد لعلامة السجود.",0
1,"يحتوي القرآن الكريم على (علامة السجدة) في عدة مواضع، فما هو عددها؟",هناك 30 موضعًا تتطلب السجود أثناء قراءة القرآن الكريم.,0
1,"يحتوي القرآن الكريم على (علامة السجدة) في عدة مواضع، فما هو عددها؟",يتجاوز عدد علامات السجود في القرآن الكريم الـ 50 موضعًا.,0
1,"يحتوي القرآن الكريم على (علامة السجدة) في عدة مواضع، فما هو عددها؟",القرآن الكريم يحتوي على 20 سجدة في مواضع مختلفة.,0
1,"يحتوي القرآن الكريم على (علامة السجدة) في عدة مواضع، فما هو عددها؟",علامات السجدة في القرآن الكريم تبلغ 10 علامات.,0
1,"يحتوي القرآن الكريم على (علامة السجدة) في عدة مواضع، فما هو عددها؟",هناك 25 سجدة موجودة في القرآن الكريم في مواضع مختلفة.,0
1,"يحتوي القرآن الكريم على (علامة السجدة) في عدة مواضع، فما هو عددها؟",هناك 17 علامة سجود في القرآن الكريم.,0
1,"يحتوي القرآن الكريم على (علامة السجدة) في عدة مواضع، فما هو عددها؟",30 موضعًا هو العدد الصحيح لعلامات السجود في القرآن.,0
1,"يحتوي القرآن الكريم على (علامة السجدة) في عدة مواضع، فما هو عددها؟",علامات السجود موجودة في 5 مواضع فقط.,0
1,"يحتوي القرآن الكريم على (علامة السجدة) في عدة مواضع، فما هو عددها؟",هناك 12 موضعًا يتعين فيها السجود أثناء قراءة القرآن.,0
1,"يحتوي القرآن الكريم على (علامة السجدة) في عدة مواضع، فما هو عددها؟",عدد علامات السجود هو 18 موضعًا مختلفًا.,0
1,"يحتوي القرآن الكريم على (علامة السجدة) في عدة مواضع، فما هو عددها؟",القرآن يحتوي على 8 تنبيهات للسجود.,0
1,"يحتوي القرآن الكريم على (علامة السجدة) في عدة مواضع، فما هو عددها؟",لا يوجد أي علامات سجود في القرآن الكريم.,0
1,"يحتوي القرآن الكريم على (علامة السجدة) في عدة مواضع، فما هو عددها؟",هناك 10 مواضع فقط في القرآن حيث يطلب السجود.,0
1,"يحتوي القرآن الكريم على (علامة السجدة) في عدة مواضع، فما هو عددها؟",عدد علامات السجود في القرآن 7 مواضع.,0
1,"يحتوي القرآن الكريم على (علامة السجدة) في عدة مواضع، فما هو عددها؟",القرآن الكريم يحتوي على 25 علامة سجود.,0
1,"يحتوي القرآن الكريم على (علامة السجدة) في عدة مواضع، فما هو عددها؟",ليس هناك أي علامات سجود معينة في القرآن.,0
1,"يحتوي القرآن الكريم على (علامة السجدة) في عدة مواضع، فما هو عددها؟",السجود في القرآن موجود في 5 مواضع فقط.,0
1,"يحتوي القرآن الكريم على (علامة السجدة) في عدة مواضع، فما هو عددها؟",عدد علامات السجود في القرآن الكريم 12 موضعًا.,0
2,هل يجوز للمسلم أن يفطر في نهار الصيام بغير عذر؟,لا يجوز للمسلم أن يفطر في نهار رمضان إلا في حالات الضرورة الشديدة مثل المرض الحاد.,1
2,هل يجوز للمسلم أن يفطر في نهار الصيام بغير عذر؟,لا يجوز للمسلم أن يفطر في نهار رمضان إلا بعذر مثل إذا كان مريضًا معرضًا للضرر الصحي بالصيام.,1
2,هل يجوز للمسلم أن يفطر في نهار الصيام بغير عذر؟,لا يجوز للمسلم أن يُفطر في رمضان إلا بعذرمثل عندما يكون في رحلة سفر طويلة يشكو فيها من شدة التعب.,1
2,هل يجوز للمسلم أن يفطر في نهار الصيام بغير عذر؟,لا يجوز للمسلم أن يُفطر في نهار رمضان.,1
2,هل يجوز للمسلم أن يفطر في نهار الصيام بغير عذر؟,لا,1
2,هل يجوز للمسلم أن يفطر في نهار الصيام بغير عذر؟,لا يجوز,1
2,هل يجوز للمسلم أن يفطر في نهار الصيام بغير عذر؟,"الصيام في رمضان يُعد واجبًا على المسلم، ولا يجوز له الفطر في النهار إلا في حالات الضرورة الشديدة وحسب الأحكام الشرعية.",1
2,هل يجوز للمسلم أن يفطر في نهار الصيام بغير عذر؟,"عامةً، لا يحق للمسلم فطر نهار رمضان إلا في حالات معينة كالمرض الذي يُعرّض صحته للخطر.",1
2,هل يجوز للمسلم أن يفطر في نهار الصيام بغير عذر؟,"الصيام في رمضان فرض على كل مسلم، ولا يجوز له الفطر في النهار إلا بعذر شرعي مشروع.",1
2,هل يجوز للمسلم أن يفطر في نهار الصيام بغير عذر؟,الفطر في نهار رمضان غير جائز إلا إذا كان هناك عذر ديني مشروع يستدعي ذلك.,1
2,هل يجوز للمسلم أن يفطر في نهار الصيام بغير عذر؟,تجديد النية والاستعداد الروحي للمضي قدمًا في صيام رمضان جزء أساسي ولا يجوز الإفطار دون سبب ضروري.,1
2,هل يجوز للمسلم أن يفطر في نهار الصيام بغير عذر؟,"الاعتدال والصبر خلال ساعات الصوم يعتبر جزءًا من التزام المسلمين، والإفطار دون عذر مشروع ينقض الصيام.",1
2,هل يجوز للمسلم أن يفطر في نهار الصيام بغير عذر؟,الصيام في رمضان من الفرائض ولا يجوز للمسلم إفساده بالإفطار إلا في حالات الضرورة والحاجة الشديدة.,1
2,هل يجوز للمسلم أن يفطر في نهار الصيام بغير عذر؟,"في حالة عدم القدرة الفعلية على الصوم بسبب مرض أو ظروف خاصة، يُسمح للمسلم بالإفطار وقضاء الصيام في وقت لاحق.",1
2,هل يجوز للمسلم أن يفطر في نهار الصيام بغير عذر؟,"استمرار الصوم في رمضان واجب ديني، ويحظر الإفطار بغير عذر شرعي صريح مثل المرض الذي يجعل الصوم ضارًا بالصحة.",1
2,هل يجوز للمسلم أن يفطر في نهار الصيام بغير عذر؟,الصوم في رمضان واجب ديني ولا يُجوز للمسلم أن يُفطر في النهار إلا بعذر شرعي مثل المرض الحاد أو السفر الطويل.,1
2,هل يجوز للمسلم أن يفطر في نهار الصيام بغير عذر؟,"يجب على المسلم الامتناع عن الأكل والشرب والجماع خلال ساعات النهار في رمضان، إلا في حالات العذر مثل المرض الذي يمنع الصيام.",1
2,هل يجوز للمسلم أن يفطر في نهار الصيام بغير عذر؟,الفطر في نهار رمضان دون عذر شرعي يعد مخالفة لتعاليم الإسلام ويُفضي إلى إخلال بفريضة الصيام.,1
2,هل يجوز للمسلم أن يفطر في نهار الصيام بغير عذر؟,"الصيام في رمضان واجب شرعي على كل مسلم بالغ ناشئ، ولا ينبغي لأحد أن يُفطر دون عذر مشروع.",1
2,هل يجوز للمسلم أن يفطر في نهار الصيام بغير عذر؟,"يُعتبر الصيام في رمضان فريضة دينية، ولا يُسمح بالفطر في النهار إلا في حالات الضرورة الشرعية كالمرض الحاد أو السفر.",1
2,هل يجوز للمسلم أن يفطر في نهار الصيام بغير عذر؟,"الصوم في رمضان ليس واجبًا دائمًا، ويجوز للمسلم أن يُفطر في النهار إذا شعر بالجوع أو العطش بدون مشكلة.",0
2,هل يجوز للمسلم أن يفطر في نهار الصيام بغير عذر؟,يمكن للمسلم أن يُفطر في نهار رمضان إذا شعر بأي نوع من أنواع الإجهاد أو التعب دون مشاكل.,0
2,هل يجوز للمسلم أن يفطر في نهار الصيام بغير عذر؟,"في حالة الشدة البدنية أو العقلية، يجوز للمسلم أن يُفطر في رمضان دون تحمل أي عواقب.",0
2,هل يجوز للمسلم أن يفطر في نهار الصيام بغير عذر؟,يُمكن للمسلم أن يُفطر في نهار رمضان دون أي شروط أو قيود.,0
2,هل يجوز للمسلم أن يفطر في نهار الصيام بغير عذر؟,الصوم في رمضان ليس واجبًا على كل المسلمين ويُمكن الفطر في أي وقت.,0
2,هل يجوز للمسلم أن يفطر في نهار الصيام بغير عذر؟,من المسموح لأي مسلم أن يُفطر في نهار رمضان إذا شعر بالجوع أو العطش بشدة.,0
2,هل يجوز للمسلم أن يفطر في نهار الصيام بغير عذر؟,يُسمح للمسلمين بالفطر في نهار رمضان إذا كانوا مشغولين أو متعبين للغاية.,0
2,هل يجوز للمسلم أن يفطر في نهار الصيام بغير عذر؟,الصوم في رمضان ليس مهمًا ويمكن تجاهله دون أي مشكلة.,0
2,هل يجوز للمسلم أن يفطر في نهار الصيام بغير عذر؟,يجوز للمسلم أن يفطر في نهار رمضان بدون أي عذر.,0
2,هل يجوز للمسلم أن يفطر في نهار الصيام بغير عذر؟,الصوم في رمضان ليس فريضة ويمكن الإفطار في أي وقت.,0
2,هل يجوز للمسلم أن يفطر في نهار الصيام بغير عذر؟,يمكن لأي مسلم أن يُفطر في نهار رمضان إذا شعر بالجوع أو العطش بدون مشكلة.,0
2,هل يجوز للمسلم أن يفطر في نهار الصيام بغير عذر؟,لا يُعتبر الصيام في رمضان واجبًا ويمكن الإفطار في أي وقت يشاء المسلم.,0
2,هل يجوز للمسلم أن يفطر في نهار الصيام بغير عذر؟,"الصوم في رمضان ليس واجبًا دينيًا، وبالتالي يُمكن الإفطار في أي وقت من النهار.",0
2,هل يجوز للمسلم أن يفطر في نهار الصيام بغير عذر؟,"في حالات الجوع أو العطش الشديد، يُسمح للمسلم بالفطر في أي وقت خلال نهار رمضان.",0
2,هل يجوز للمسلم أن يفطر في نهار الصيام بغير عذر؟,يُعتبر الصوم في رمضان أمراً غير ضروري ويمكن للمسلمين الفطر في أي وقت دون مشكلة.,0
2,هل يجوز للمسلم أن يفطر في نهار الصيام بغير عذر؟,"الصيام في رمضان ليس مهمًا وليس له قيمة دينية، لذا يُمكن للمسلمين تجاهله والفطر بحرية.",0
2,هل يجوز للمسلم أن يفطر في نهار الصيام بغير عذر؟,"يُعتبر الصيام في رمضان قاعدة قديمة وغير مهمة، ويمكن للمسلمين تجاهلها والفطر في أي وقت.",0
2,هل يجوز للمسلم أن يفطر في نهار الصيام بغير عذر؟,يجوز للمسلم أن يُفطر في نهار رمضان.,0
2,هل يجوز للمسلم أن يفطر في نهار الصيام بغير عذر؟,الصوم في رمضان يجب أن يتم دون استثناءات ولا يمكن الفطر أبدًا حتى في الحالات الضرورية.,0
2,هل يجوز للمسلم أن يفطر في نهار الصيام بغير عذر؟,لا يجوز لأي مسلم أن يُفطر في نهار رمضان مهما كانت الظروف.,0
3,هل يجوز في الإسلام أن تتزوج المرأة مرة أخرى بعد الطلاق أو وفاة الزوج؟,"نعم، يجوز للمرأة في الإسلام أن تتزوج مرة أخرى بعد الطلاق أو وفاة زوجها.",1
3,هل يجوز في الإسلام أن تتزوج المرأة مرة أخرى بعد الطلاق أو وفاة الزوج؟,الشريعة الإسلامية تمنح النساء حق الزواج مرة أخرى بعد الطلاق أو الوفاة.,1
3,هل يجوز في الإسلام أن تتزوج المرأة مرة أخرى بعد الطلاق أو وفاة الزوج؟,"يجوز للمرأة في الإسلام أن تتزوج مرة أخرى، شرط أن تنتهي فترة الانتظار (العدة) وتستوفي شروط الزواج.",1
3,هل يجوز في الإسلام أن تتزوج المرأة مرة أخرى بعد الطلاق أو وفاة الزوج؟,نعم يجوز للمرأة الزواج,1
3,هل يجوز في الإسلام أن تتزوج المرأة مرة أخرى بعد الطلاق أو وفاة الزوج؟,نعم يجوز,1
3,هل يجوز في الإسلام أن تتزوج المرأة مرة أخرى بعد الطلاق أو وفاة الزوج؟,نعم لها الحق في الزواج,1
3,هل يجوز في الإسلام أن تتزوج المرأة مرة أخرى بعد الطلاق أو وفاة الزوج؟,"في الإسلام، يمنح الشرع للمرأة حق الزواج مرة أخرى بعد الطلاق أو وفاة زوجها، وهذا من أجل حماية حقوقها واحتياجاتها.",1
3,هل يجوز في الإسلام أن تتزوج المرأة مرة أخرى بعد الطلاق أو وفاة الزوج؟,حق المرأة في الزواج مرة أخرى يعتمد على شروط معينة من الدين الإسلامي وتنظيماته القانونية.,1
3,هل يجوز في الإسلام أن تتزوج المرأة مرة أخرى بعد الطلاق أو وفاة الزوج؟,"الإسلام يحترم حق المرأة في اختيار الزواج مرة أخرى بعد الطلاق أو وفاة زوجها، بشرط أن تتبع الإجراءات الشرعية.",1
3,هل يجوز في الإسلام أن تتزوج المرأة مرة أخرى بعد الطلاق أو وفاة الزوج؟,"بموجب الشريعة الإسلامية، يُسمح للمرأة بالزواج مرة أخرى بعد الانتهاء من فترة الانتظار (العدة).",1
3,هل يجوز في الإسلام أن تتزوج المرأة مرة أخرى بعد الطلاق أو وفاة الزوج؟,"نعم، الدين الإسلامي يُعطي المرأة حق الزواج مرة أخرى إذا تم الطلاق أو وفاة الزوج السابق.",1
3,هل يجوز في الإسلام أن تتزوج المرأة مرة أخرى بعد الطلاق أو وفاة الزوج؟,"الشريعة الإسلامية تمنح المرأة حق الزواج مرة أخرى بعد الطلاق أو الوفاة، وهذا من حقوقها في الإسلام.",1
3,هل يجوز في الإسلام أن تتزوج المرأة مرة أخرى بعد الطلاق أو وفاة الزوج؟,"بعد انقضاء فترة الانتظار (العدة)، يحق للمرأة في الإسلام أن تتزوج مرة أخرى إذا رغبت بذلك.",1
3,هل يجوز في الإسلام أن تتزوج المرأة مرة أخرى بعد الطلاق أو وفاة الزوج؟,"الإسلام يرفع الحظر عن المرأة للزواج بعد الطلاق أو وفاة زوجها، وتحتفظ بحقوقها لاختيار الزواج مرة أخرى.",1
3,هل يجوز في الإسلام أن تتزوج المرأة مرة أخرى بعد الطلاق أو وفاة الزوج؟,"الزواج مسموح به للمرأة بعد الطلاق أو وفاة الزوج في الإسلام، بشرط أن تكون في حالة قانونية تسمح لها بالزواج.",1
3,هل يجوز في الإسلام أن تتزوج المرأة مرة أخرى بعد الطلاق أو وفاة الزوج؟,حق المرأة في الزواج مُكرس في الإسلام وتحتفظ بالحق في الزواج بعد الطلاق أو الوفاة بموجب الشريعة الإسلامية.,1
3,هل يجوز في الإسلام أن تتزوج المرأة مرة أخرى بعد الطلاق أو وفاة الزوج؟,"في الإسلام، بعد انتهاء فترة العدة بعد الطلاق أو الوفاة، يجوز للمرأة أن تختار الزواج مرة أخرى إذا رغبت.",1
3,هل يجوز في الإسلام أن تتزوج المرأة مرة أخرى بعد الطلاق أو وفاة الزوج؟,الدين الإسلامي يعطي المرأة حرية الاختيار في الزواج مرة أخرى بعد انتهاء العدة بسبب الطلاق أو الوفاة.,1
3,هل يجوز في الإسلام أن تتزوج المرأة مرة أخرى بعد الطلاق أو وفاة الزوج؟,حق المرأة في الزواج بعد الطلاق أو الوفاة هو حق شرعي مضمون في الإسلام ويمكن ممارسته بحرية.,1
3,هل يجوز في الإسلام أن تتزوج المرأة مرة أخرى بعد الطلاق أو وفاة الزوج؟,حق المرأة في الزواج مرة أخرى بعد الطلاق أو وفاة الزوج يعتبر استحقاقًا شرعيًا في الإسلام.,1
3,هل يجوز في الإسلام أن تتزوج المرأة مرة أخرى بعد الطلاق أو وفاة الزوج؟,لا يجوز للمرأة في الإسلام أن تتزوج مرة أخرى بعد الطلاق أو وفاة الزوج.,0
3,هل يجوز في الإسلام أن تتزوج المرأة مرة أخرى بعد الطلاق أو وفاة الزوج؟,الشريعة الإسلامية تمنع المرأة من الزواج مرة أخرى بعد الطلاق أو وفاة الزوج.,0
3,هل يجوز في الإسلام أن تتزوج المرأة مرة أخرى بعد الطلاق أو وفاة الزوج؟,"يعتبر الزواج الثاني للمرأة في الإسلام محرمًا تمامًا بعد الطلاق أو الوفاة، ولا يُسمح به.",0
3,هل يجوز في الإسلام أن تتزوج المرأة مرة أخرى بعد الطلاق أو وفاة الزوج؟,"حسب التقاليد الدينية الإسلامية، لا يحق للمرأة الزواج مرة أخرى بعد الطلاق أو وفاة الزوج.",0
3,هل يجوز في الإسلام أن تتزوج المرأة مرة أخرى بعد الطلاق أو وفاة الزوج؟,الإسلام يمنع المرأة من الزواج مرة أخرى بعد الطلاق أو وفاة الزوج.,0
3,هل يجوز في الإسلام أن تتزوج المرأة مرة أخرى بعد الطلاق أو وفاة الزوج؟,الشريعة الإسلامية تمنع المرأة من الزواج مرة أخرى بعد الطلاق أو وفاة زوجها.,0
3,هل يجوز في الإسلام أن تتزوج المرأة مرة أخرى بعد الطلاق أو وفاة الزوج؟,"في الإسلام، المرأة ليس لها الحق في الزواج مرة أخرى بعد الطلاق أو الوفاة، سواء كانت العدة انتهت أم لا.",0
3,هل يجوز في الإسلام أن تتزوج المرأة مرة أخرى بعد الطلاق أو وفاة الزوج؟,تحظر الشريعة الإسلامية على المرأة الزواج مرة أخرى بعد الطلاق أو وفاة زوجها.,0
3,هل يجوز في الإسلام أن تتزوج المرأة مرة أخرى بعد الطلاق أو وفاة الزوج؟,الزواج مرة أخرى بعد الطلاق أو الوفاة يعتبر محرمًا في الإسلام ولا يُسمح به.,0
3,هل يجوز في الإسلام أن تتزوج المرأة مرة أخرى بعد الطلاق أو وفاة الزوج؟,"حسب الشريعة الإسلامية، المرأة ممنوعة من الزواج مرة أخرى بعد الطلاق أو وفاة زوجها.",0
3,هل يجوز في الإسلام أن تتزوج المرأة مرة أخرى بعد الطلاق أو وفاة الزوج؟,المرأة في الإسلام ليس لها الحق في الزواج مرة أخرى بعد الطلاق أو الوفاة.,0
3,هل يجوز في الإسلام أن تتزوج المرأة مرة أخرى بعد الطلاق أو وفاة الزوج؟,"في الإسلام، يُمنع على المرأة أن تتزوج مرة أخرى بعد الطلاق أو الوفاة حتى بعد انقضاء فترة العدة.",0
3,هل يجوز في الإسلام أن تتزوج المرأة مرة أخرى بعد الطلاق أو وفاة الزوج؟,"الشريعة الإسلامية تمنع المرأة من الزواج بعد الطلاق أو وفاة الزوج، وتعتبر ذلك مخالفًا للقواعد الدينية.",0
3,هل يجوز في الإسلام أن تتزوج المرأة مرة أخرى بعد الطلاق أو وفاة الزوج؟,"لا يُسمح للمرأة في الإسلام بالزواج مرة أخرى بعد الطلاق أو الوفاة، ويُعتبر ذلك محظورًا شرعًا.",0
3,هل يجوز في الإسلام أن تتزوج المرأة مرة أخرى بعد الطلاق أو وفاة الزوج؟,"في الدين الإسلامي، يعتبر الزواج مرة أخرى بعد الطلاق أو الوفاة غير جائز ويُعتبر معصية دينية.",0
3,هل يجوز في الإسلام أن تتزوج المرأة مرة أخرى بعد الطلاق أو وفاة الزوج؟,الشريعة الإسلامية تمنع المرأة من الزواج بعد الطلاق أو وفاة الزوج.,0
3,هل يجوز في الإسلام أن تتزوج المرأة مرة أخرى بعد الطلاق أو وفاة الزوج؟,"في الإسلام، يعتبر الزواج مرة أخرى بعد الطلاق أو الوفاة خرقًا للأحكام الدينية.",0
3,هل يجوز في الإسلام أن تتزوج المرأة مرة أخرى بعد الطلاق أو وفاة الزوج؟,"لا ، لا يجوز الزواج مرة أخرى للمرأة في الإسلام
",0
3,هل يجوز في الإسلام أن تتزوج المرأة مرة أخرى بعد الطلاق أو وفاة الزوج؟,المرأة في الإسلام ليس لديها حق في الزواج مرة أخرى بعد الطلاق أو الوفاة.,0
3,هل يجوز في الإسلام أن تتزوج المرأة مرة أخرى بعد الطلاق أو وفاة الزوج؟,لا يجوز للمرأة في الإسلام الزواج مرة أخرى بعد الطلاق أو وفاة الزوج.,0
4,هل للمرأة المسلمة الحق في قبول أو رفض عروض الزواج؟,"نعم، للمرأة المسلمة الحق الكامل في قبول أو رفض عروض الزواج دون أي إكراه.",1
4,هل للمرأة المسلمة الحق في قبول أو رفض عروض الزواج؟,"القرار في قبول أو رفض عرض الزواج يعود بالكامل للمرأة، ويجب احترام قرارها.",1
4,هل للمرأة المسلمة الحق في قبول أو رفض عروض الزواج؟,النبي صلى الله عليه وسلم أكد على أهمية استئذان المرأة وموافقتها قبل إتمام الزواج.,1
4,هل للمرأة المسلمة الحق في قبول أو رفض عروض الزواج؟,"في بعض الحالات، يمكن أن تكون لدى المرأة مساعدة من عائلتها في اتخاذ قرار قبول أو رفض عرض الزواج.",1
4,هل للمرأة المسلمة الحق في قبول أو رفض عروض الزواج؟,"بينما يُحترم اختيار المرأة في القبول أو الرفض، قد يكون هناك تأثير من العادات والتقاليد في بعض الثقافات.",1
4,هل للمرأة المسلمة الحق في قبول أو رفض عروض الزواج؟,"على الرغم من حق المرأة في قبول أو رفض عروض الزواج، إلا أن الظروف الاجتماعية أحيانًا قد تؤثر على قرارها.",1
4,هل للمرأة المسلمة الحق في قبول أو رفض عروض الزواج؟,"الحق في قبول أو رفض عرض الزواج يعود بالكامل للمرأة في الإسلام، وهي حرة في اتخاذ القرار النهائي بشأن ذلك.",1
4,هل للمرأة المسلمة الحق في قبول أو رفض عروض الزواج؟,"في الدين الإسلامي، يحث على احترام إرادة المرأة في قبول أو رفض العروض الزواجية ولا يُفرض عليها أي قرار.",1
4,هل للمرأة المسلمة الحق في قبول أو رفض عروض الزواج؟,النبي صلى الله عليه وسلم أكد على أهمية موافقة المرأة واحترام إرادتها قبل إتمام أي عقد زواج.,1
4,هل للمرأة المسلمة الحق في قبول أو رفض عروض الزواج؟,"في الإسلام، الحق في القبول أو الرفض متاح للمرأة ويجب أن يحترم ويُعزى إليها.",1
4,هل للمرأة المسلمة الحق في قبول أو رفض عروض الزواج؟,المرأة في الإسلام تمتلك الحق الكامل في اختيار القبول أو الرفض لعروض الزواج ولا يُفرض عليها شيء.,1
4,هل للمرأة المسلمة الحق في قبول أو رفض عروض الزواج؟,"في الإسلام، للمرأة المسلمة الحق الكامل والشرعي في قبول أو رفض عروض الزواج بحرية تامة.",1
4,هل للمرأة المسلمة الحق في قبول أو رفض عروض الزواج؟,قرار قبول أو رفض عرض الزواج هو حق مطلق للمرأة ويجب احترامه دون أي إكراه أو تعسف.,1
4,هل للمرأة المسلمة الحق في قبول أو رفض عروض الزواج؟,التشريع الإسلامي يؤكد على أهمية موافقة المرأة واحترام قرارها في قبول الزواج.,1
4,هل للمرأة المسلمة الحق في قبول أو رفض عروض الزواج؟,حق المرأة في قبول أو رفض العروض الزواجية هو حق ديني وقانوني مكفول في الإسلام.,1
4,هل للمرأة المسلمة الحق في قبول أو رفض عروض الزواج؟,النبي محمد صلى الله عليه وسلم أكد على ضرورة استئذان المرأة وموافقتها قبل إتمام أي عقد زواج.,1
4,هل للمرأة المسلمة الحق في قبول أو رفض عروض الزواج؟,"في الإسلام، للمرأة الحق الكامل في قبول أو رفض عروض الزواج دون أي إكراه أو إجبار.",1
4,هل للمرأة المسلمة الحق في قبول أو رفض عروض الزواج؟,"القرار في قبول أو رفض عرض الزواج يعتمد بالكامل على اختيار المرأة، ويجب احترام اختيارها دون تدخل.",1
4,هل للمرأة المسلمة الحق في قبول أو رفض عروض الزواج؟,النبي محمد صلى الله عليه وسلم أكد على ضرورة استئذان المرأة وموافقتها قبل إتمام عقد الزواج.,1
4,هل للمرأة المسلمة الحق في قبول أو رفض عروض الزواج؟,"في الإسلام، يُعتبر إجبار المرأة على الزواج دون موافقتها خرقًا لحقوقها ومبادئ الشريعة.",1
4,هل للمرأة المسلمة الحق في قبول أو رفض عروض الزواج؟,"في الإسلام، لا يحق للمرأة الرفض أو الموافقة على عروض الزواج، بل يجب عليها الامتثال دون تملُّك للرأي الشخصي.",0
4,هل للمرأة المسلمة الحق في قبول أو رفض عروض الزواج؟,"قرارات المرأة في الزواج ليست لها، وإنما تكون قرارات محكومة بالضغوط الاجتماعية أو العائلية دون حريتها الشخصية.",0
4,هل للمرأة المسلمة الحق في قبول أو رفض عروض الزواج؟,"في الإسلام، المرأة ليست لها الحق في اتخاذ قرارات بشأن الزواج ويجب عليها الانصياع لقرار العائلة.",0
4,هل للمرأة المسلمة الحق في قبول أو رفض عروض الزواج؟,قرار المرأة في الزواج لا يعتبر مهمًا ويجب أن تقبل أي عرض دون النظر إلى رغبتها الشخصية.,0
4,هل للمرأة المسلمة الحق في قبول أو رفض عروض الزواج؟,"في الإسلام، النساء ليس لديهن حقوق في قبول أو رفض عروض الزواج، ويجب أن يكون قرارهن مفروضًا عليهن.",0
4,هل للمرأة المسلمة الحق في قبول أو رفض عروض الزواج؟,"المرأة المسلمة ليس لديها حق الرفض أو القبول في عروض الزواج، بل يجب عليها الامتثال لقرار العائلة.",0
4,هل للمرأة المسلمة الحق في قبول أو رفض عروض الزواج؟,"في الثقافة الإسلامية، النساء ليس لديهن حق التأثير في قرارات الزواج ويجب أن يقرر ذلك الرجل.",0
4,هل للمرأة المسلمة الحق في قبول أو رفض عروض الزواج؟,"في بعض الحالات، الرجل هو الذي يحدد مصير المرأة في الزواج دون النظر إلى موافقتها.",0
4,هل للمرأة المسلمة الحق في قبول أو رفض عروض الزواج؟,"القرار في الزواج يجب أن يكون بيد العائلة وليس بيد المرأة، وهي ليست حرة في اختيارها.",0
4,هل للمرأة المسلمة الحق في قبول أو رفض عروض الزواج؟,"في الإسلام، النساء ليس لديهن حق التعبير عن رأيهن في الزواج ويجب أن يقرر الرجل.",0
4,هل للمرأة المسلمة الحق في قبول أو رفض عروض الزواج؟,"في الإسلام، المرأة ليس لها الحق في قبول أو رفض عروض الزواج، بل يجب أن تطيع قرارات العائلة.",0
4,هل للمرأة المسلمة الحق في قبول أو رفض عروض الزواج؟,"حسب الشريعة الإسلامية، المرأة لا تمتلك حرية اختيار القبول أو الرفض لأي عرض زواج ويتم فرضها على الزواج.",0
4,هل للمرأة المسلمة الحق في قبول أو رفض عروض الزواج؟,"في الإسلام، قرار قبول أو رفض العروض الزواجية يتخذها الرجال وحدهم دون استشارة المرأة.",0
4,هل للمرأة المسلمة الحق في قبول أو رفض عروض الزواج؟,"في الثقافة الإسلامية، المرأة ليس لديها حق في قبول أو رفض عروض الزواج؛ فالقرار يكون للعائلة أو الوصي.",0
4,هل للمرأة المسلمة الحق في قبول أو رفض عروض الزواج؟,"في الإسلام، الرجل هو من يقرر مصير المرأة في الزواج دون موافقتها.",0
4,هل للمرأة المسلمة الحق في قبول أو رفض عروض الزواج؟,"حسب التقاليد الدينية، المرأة ليس لديها حقوق قرارية في قبول أو رفض العروض الزواجية.",0
4,هل للمرأة المسلمة الحق في قبول أو رفض عروض الزواج؟,"في بعض الثقافات الإسلامية، يُفرض الزواج على المرأة دون الاعتناء برأيها أو موافقتها.",0
4,هل للمرأة المسلمة الحق في قبول أو رفض عروض الزواج؟,المرأة ليس لها حق في قبول أو رفض عروض الزواج بنفسها.,0
4,هل للمرأة المسلمة الحق في قبول أو رفض عروض الزواج؟,قرار قبول أو رفض عرض الزواج لا يعتمد على مشاعر المرأة وإنما على مشورة العائلة أو القرار الرجلي.,0
4,هل للمرأة المسلمة الحق في قبول أو رفض عروض الزواج؟,"في الإسلام، الرأي الذي يعتمده الرجل فيما يخص الزواج هو الذي يحكم بشكل كامل دون مراعاة لرأي المرأة.",0
5,هل غسل المعصمين سنةٌ أم ركن في الوضوء؟,تعتبر غسل المعصمين سنة للتطهير في الوضوء ولكن ليس ركنًا أساسيًا لأن النبي صلى الله عليه وسلم كان يغسل المعصمين في الوضوء.,1
5,هل غسل المعصمين سنةٌ أم ركن في الوضوء؟,"غسل المعصمين سنة في الوضوء، وهو من السنن المستحبة وليس ركنًا.",1
5,هل غسل المعصمين سنةٌ أم ركن في الوضوء؟,يعتبر غسل المعصمين سنة في الوضوء وليس ركنًا.,1
5,هل غسل المعصمين سنةٌ أم ركن في الوضوء؟,غسل المعصمين جزء من سنن الوضوء.,1
5,هل غسل المعصمين سنةٌ أم ركن في الوضوء؟,غسل المعصمين سنةٌ.,1
5,هل غسل المعصمين سنةٌ أم ركن في الوضوء؟,سنةٌ.,1
5,هل غسل المعصمين سنةٌ أم ركن في الوضوء؟,غسل المعصمين يُعتبر سُنة في الوضوء ولكنه ليس ركنًا أساسيًا لصحة الوضوء.,1
5,هل غسل المعصمين سنةٌ أم ركن في الوضوء؟,"في الوضوء الشرعي، يُفضل غسل المعصمين كجزء من السُنن النبوية ولكنه ليس من الأركان الضرورية.",1
5,هل غسل المعصمين سنةٌ أم ركن في الوضوء؟,"النبي صلى الله عليه وسلم كان يُحب غسل المعصمين في الوضوء، وهو عمل مستحب وسُنة إلا أنه ليس ركنًا.",1
5,هل غسل المعصمين سنةٌ أم ركن في الوضوء؟,غسل المعصمين جزء من السُنن المؤكدة في الوضوء ويُعتبر موصى به للطهارة الكاملة.,1
5,هل غسل المعصمين سنةٌ أم ركن في الوضوء؟,"في الوضوء الشرعي، غسل المعصمين يأتي ضمن السُنن النبوية التي يُفضل القيام بها ولكنها ليست من الأركان.",1
5,هل غسل المعصمين سنةٌ أم ركن في الوضوء؟,"في الشريعة الإسلامية، يُعتبر غسل المعصمين سنة (مستحب) في الوضوء وليس ركنًا أساسيًا لصحة الوضوء.",1
5,هل غسل المعصمين سنةٌ أم ركن في الوضوء؟,غسل المعصمين من السنن المستحبة في الوضوء ولكنها ليست جزءًا من الأركان الخمسة للوضوء.,1
5,هل غسل المعصمين سنةٌ أم ركن في الوضوء؟,"يعتبر غسل المعصمين سنة موصى بها في الوضوء، ولا يُعتبر جزءًا من الركن الأساسي لصحة الوضوء.",1
5,هل غسل المعصمين سنةٌ أم ركن في الوضوء؟,"من السنن النبوية في الوضوء غسل المعصمين، وهو أمر مستحب وليس جزءًا من الأركان الأساسية.",1
5,هل غسل المعصمين سنةٌ أم ركن في الوضوء؟,غسل المعصمين سنة في الوضوء وهو من الأعمال النافلة التي أوصى بها النبي صلى الله عليه وسلم.,1
5,هل غسل المعصمين سنةٌ أم ركن في الوضوء؟,"في الوضوء الشرعي، غسل المعصمين ليس من الأركان التي إذا تركت أدت إلى باطل الوضوء، بل هو من السنن المؤكدة.",1
5,هل غسل المعصمين سنةٌ أم ركن في الوضوء؟,"غسل المعصمين سنة في الوضوء، وهو من السنن المستحبة التي يفعلها المسلم للتقرب إلى الله دون أن تكون جزءًا من الأركان.",1
5,هل غسل المعصمين سنةٌ أم ركن في الوضوء؟,"غسل المعصمين يعتبر سنة في الوضوء وليس ركنًا، حيث إن الواجبات الأساسية للوضوء تتمثل في الأركان الخمسة.",1
5,هل غسل المعصمين سنةٌ أم ركن في الوضوء؟,الغسل المعصمين هو سنة مستحبة في الوضوء ولا يُعتبر جزءًا أساسيًا من أركان الوضوء.,1
5,هل غسل المعصمين سنةٌ أم ركن في الوضوء؟,الوضوء يعتبر صحيحًا وكاملًا حتى بدون غسل المعصمين.,0
5,هل غسل المعصمين سنةٌ أم ركن في الوضوء؟,غسل المعصمين لا يُعتبر سنة ولا ركنًا ضمن الوضوء.,0
5,هل غسل المعصمين سنةٌ أم ركن في الوضوء؟,ترك غسل المعصمين لا يُجعل الوضوء باطلًا أو غير صحيح.,0
5,هل غسل المعصمين سنةٌ أم ركن في الوضوء؟,عدم غسل المعصمين لا يؤثر على صحة الوضوء ولا يجعله غير صحيح.,0
5,هل غسل المعصمين سنةٌ أم ركن في الوضوء؟,غسل المعصمين ليس ضروريًا في الوضوء ولا يُعتبر جزءًا من شروط أو أركان الوضوء.,0
5,هل غسل المعصمين سنةٌ أم ركن في الوضوء؟,"غسل المعصمين لا يعد سنة أو ركنًا في الوضوء، والوضوء صحيح وكامل حتى بدون غسل المعصمين.",0
5,هل غسل المعصمين سنةٌ أم ركن في الوضوء؟,غسل المعصمين لا يعتبر سنة أو ركنًا في الوضوء؛ بل الوضوء صحيح ويعتبر كاملاً حتى بدون غسل المعصمين.,0
5,هل غسل المعصمين سنةٌ أم ركن في الوضوء؟,"تارك غسل المعصمين لا يجعل الوضوء باطلاً أو غير صحيح، بل الوضوء يظل صحيحًا دون غسل المعصمين.",0
5,هل غسل المعصمين سنةٌ أم ركن في الوضوء؟,عدم غسل المعصمين لا يؤثر على صحة الوضوء؛ إذ أن الوضوء يكتمل ويكون صحيحًا حتى بدون غسل المعصمين.,0
5,هل غسل المعصمين سنةٌ أم ركن في الوضوء؟,"الوضوء صحيح ويكتمل دون غسل المعصمين، ولا يُعتبر غسل المعصمين سنة أو ركناً في الوضوء.",0
5,هل غسل المعصمين سنةٌ أم ركن في الوضوء؟,غسل المعصمين يعتبر ركناً في الوضوء ولا يمكن إتمامه بدونه.,0
5,هل غسل المعصمين سنةٌ أم ركن في الوضوء؟,"في الوضوء، يجب على المسلم غسل المعصمين مرتين ليكون صحيحاً.",0
5,هل غسل المعصمين سنةٌ أم ركن في الوضوء؟,"غسل المعصمين لا يلزم في الوضوء، ويمكن تركه دون أن يؤثر على صحة الوضوء.",0
5,هل غسل المعصمين سنةٌ أم ركن في الوضوء؟,"يُعتبر غسل المعصمين أحد الأركان الأساسية في الوضوء، ولا يجوز التفويت فيه.",0
5,هل غسل المعصمين سنةٌ أم ركن في الوضوء؟,"لا حاجة لغسل المعصمين في الوضوء، فالوضوء صحيح بدونه.",0
5,هل غسل المعصمين سنةٌ أم ركن في الوضوء؟,غسل المعصمين في الوضوء يعتبر فرضًا واجبًا ولا يمكن للشخص الاستغناء عنه.,0
5,هل غسل المعصمين سنةٌ أم ركن في الوضوء؟,"الغسل الصحيح في الوضوء يشمل غسل الوجه واليدين فقط، ولا يشترط غسل المعصمين.",0
5,هل غسل المعصمين سنةٌ أم ركن في الوضوء؟,الوضوء صحيح وكامل حتى بدون غسل المعصمين.,0
5,هل غسل المعصمين سنةٌ أم ركن في الوضوء؟,غسل المعصمين لا يعد سنة ولا ركن في الوضوء.,0
5,هل غسل المعصمين سنةٌ أم ركن في الوضوء؟,تارك غسل المعصمين يجعل الوضوء باطلاً وغير صحيح.,0
6,هل خروج الريح ينقض الوضوء؟,خروج الريح يُنقض الوضوء ويتطلب إعادة الوضوء.,1
6,هل خروج الريح ينقض الوضوء؟,إذا خرج الريح بشكل ملحوظ وثابت في حالة الوضوء فإنه يُنقض الوضوء.,1
6,هل خروج الريح ينقض الوضوء؟,نعم خروج الريح من نواقض الوضوء,1
6,هل خروج الريح ينقض الوضوء؟,ينقض الوضوء,1
6,هل خروج الريح ينقض الوضوء؟,نعم ينقض الوضوء,1
6,هل خروج الريح ينقض الوضوء؟,نعم,1
6,هل خروج الريح ينقض الوضوء؟,خروج الريح يُنقض الوضوء بالفعل.,1
6,هل خروج الريح ينقض الوضوء؟,"نعم، إذا خرجت الريح من الشخص فإن وضوؤه قد باطل.",1
6,هل خروج الريح ينقض الوضوء؟,الريح إذا خرجت من الشخص فإن وضوؤه يُبطل.,1
6,هل خروج الريح ينقض الوضوء؟,أيّ نوع من الرياح إذا حدث يُلغي الوضوء.,1
6,هل خروج الريح ينقض الوضوء؟,"نعم، خروج الريح يجعل الوضوء باطلاً.",1
6,هل خروج الريح ينقض الوضوء؟,"نعم، إذا خرجت ريح من الشخص فإن وضوءه قد انقضى.",1
6,هل خروج الريح ينقض الوضوء؟,"نعم، الريح تُبطل الوضوء عند خروجها.",1
6,هل خروج الريح ينقض الوضوء؟,"نعم، إذا خرجت ريح فإن ذلك يُبطل الوضوء.",1
6,هل خروج الريح ينقض الوضوء؟,"نعم، إن خروج الريح يُبطل الوضوء ويتطلب إعادته.",1
6,هل خروج الريح ينقض الوضوء؟,"نعم، إذا حدث خروج ريح فإن الوضوء يكون باطلاً ويجب إعادته.",1
6,هل خروج الريح ينقض الوضوء؟,"نعم، خروج الريح يُبطل الوضوء فورًا ويجب إعادته.",1
6,هل خروج الريح ينقض الوضوء؟,"نعم، الريح إذا خرجت تجعل الوضوء غير صالح ويجب إعادته.",1
6,هل خروج الريح ينقض الوضوء؟,"نعم، الوضوء يُبطل بشكل فوري إذا خرجت ريح.",1
6,هل خروج الريح ينقض الوضوء؟,"نعم، خروج الريح يجعل الوضوء باطلاً ويجب إعادة الوضوء مرة أخرى.",1
6,هل خروج الريح ينقض الوضوء؟,لا,0
6,هل خروج الريح ينقض الوضوء؟,"لا، خروج الريح لا ينقض الوضوء.",0
6,هل خروج الريح ينقض الوضوء؟,خروج الريح لا يُفسد الوضوء.,0
6,هل خروج الريح ينقض الوضوء؟,الريح لا يُعتبر من الأشياء التي تُبطل الوضوء.,0
6,هل خروج الريح ينقض الوضوء؟,الوضوء لا يُبطل بسبب خروج الريح.,0
6,هل خروج الريح ينقض الوضوء؟,خروج الريح لا يُعتبر من نواقض الوضوء.,0
6,هل خروج الريح ينقض الوضوء؟,"لا، خروج الريح لا ينقض الوضوء في الشريعة الإسلامية.",0
6,هل خروج الريح ينقض الوضوء؟,خروج الريح لا يُعتبر من نواقض الوضوء في الدين الإسلامي.,0
6,هل خروج الريح ينقض الوضوء؟,"في الإسلام، خروج الريح لا يلغي الوضوء ولا يُعتبر من الأمور التي تبطله.",0
6,هل خروج الريح ينقض الوضوء؟,الريح الطبيعي الخارج من الجسم لا يُعتبر من المسببات التي تُبطل الوضوء في الشريعة.,0
6,هل خروج الريح ينقض الوضوء؟,"لا، خروج الريح لا يُنقض الوضوء.",0
6,هل خروج الريح ينقض الوضوء؟,"لا، الريح لا يُبطل الوضوء.",0
6,هل خروج الريح ينقض الوضوء؟,"لا، خروج الريح لا يُفسد الوضوء.",0
6,هل خروج الريح ينقض الوضوء؟,"لا، الوضوء لا يُبطل بخروج الريح.",0
6,هل خروج الريح ينقض الوضوء؟,"لا، خروج الريح لا يُعتبر من المسببات التي تُبطل الوضوء.",0
6,هل خروج الريح ينقض الوضوء؟,لا ينقض الريح الطبيعي الوضوء في الفقه الإسلامي.,0
6,هل خروج الريح ينقض الوضوء؟,"في الإسلام، خروج الريح الطبيعي لا يُعد من الموارد التي تبطل الوضوء.",0
6,هل خروج الريح ينقض الوضوء؟,الريح ليس له تأثير على صحة الوضوء ويمكن الاستمرار في الصلاة دون إعادة الوضوء.,0
6,هل خروج الريح ينقض الوضوء؟,خروج الريح لا ينقض الوضوء بأي حال من الأحوال.,0
6,هل خروج الريح ينقض الوضوء؟,إن خروج الريح ليس له تأثير على صحة الوضوء ولا يبطله.,0
7,من هو أول من آمن بالنبي من الصبيان؟,علي بن أبي طالب (رضي الله عنه) كان أول الأطفال الذين آمنوا برسالة النبي.,1
7,من هو أول من آمن بالنبي من الصبيان؟,علي بن أبي طالب (رضي الله عنه) كان في المقدمة من الصبيان الذين آمنوا بالنبي.,1
7,من هو أول من آمن بالنبي من الصبيان؟,علي بن أبي طالب (رضي الله عنه) كان من أوائل الصبيان المؤمنين بالنبي.,1
7,من هو أول من آمن بالنبي من الصبيان؟,علي بن أبي طالب (رضي الله عنه) كان واحدًا من الصبيان الأوائل الذين آمنوا برسالة النبي.,1
7,من هو أول من آمن بالنبي من الصبيان؟,علي بن أبي طالب (رضي الله عنه) كان في المقدمة من الصبيان المؤمنين برسالة النبي.,1
7,من هو أول من آمن بالنبي من الصبيان؟,علي بن أبي طالب (رضي الله عنه) كان أول الصبيان الذين آمنوا بالنبي.,1
7,من هو أول من آمن بالنبي من الصبيان؟,الصحابي علي بن أبي طالب (رضي الله عنه) كان واحدًا من أولئك الصبيان الذين آمنوا برسالة النبي محمد.,1
7,من هو أول من آمن بالنبي من الصبيان؟,الصحابي علي بن أبي طالب (رضي الله عنه) كان بين أول الأطفال الذين آمنوا بالنبي محمد وتبنوا دعوته.,1
7,من هو أول من آمن بالنبي من الصبيان؟,"في المقدمة من الصبيان الذين قبلوا الإسلام كان علي بن أبي طالب (رضي الله عنه)، وكان داعمًا مبكرًا لرسالة النبي.",1
7,من هو أول من آمن بالنبي من الصبيان؟,علي بن أبي طالب (رضي الله عنه) كان من بين الأطفال الذين قبلوا الإسلام في بدايات الدعوة النبوية.,1
7,من هو أول من آمن بالنبي من الصبيان؟,الصحابي علي بن أبي طالب (رضي الله عنه) كان من أوائل الصبيان الذين أسلموا وآمنوا بالنبي.,1
7,من هو أول من آمن بالنبي من الصبيان؟,علي بن أبي طالب (رضي الله عنه) كان أحد أوائل الصبيان المؤمنين بالنبي.,1
7,من هو أول من آمن بالنبي من الصبيان؟,الأقرب إلى النبي من الصبيان الذين آمنوا به كان علي بن أبي طالب.,1
7,من هو أول من آمن بالنبي من الصبيان؟,الصحابي علي بن أبي طالب كان من بين أوائل الصبيان الذين آمنوا برسالة النبي محمد صلى الله عليه وسلم.,1
7,من هو أول من آمن بالنبي من الصبيان؟,الطفل علي بن أبي طالب (رضي الله عنه) كان من أوائل الصبيان الذين آمنوا برسالة النبي.,1
7,من هو أول من آمن بالنبي من الصبيان؟,علي بن أبي طالب (رضي الله عنه) كان من الصبيان الأوائل الذين آمنوا برسالة النبي صلى الله عليه وسلم.,1
7,من هو أول من آمن بالنبي من الصبيان؟,"أحد الصبيان الذين آمنوا بالنبي محمد أولًا كان علي بن أبي طالب (رضي الله عنه)، وكانت إيمانه قويًا منذ الصغر.",1
7,من هو أول من آمن بالنبي من الصبيان؟,"من الصبيان الذين آمنوا بالنبي محمد أولًا كان علي بن أبي طالب، حيث كان داعمًا ومؤمنًا صادقًا برسالته منذ البداية.",1
7,من هو أول من آمن بالنبي من الصبيان؟,"أول من آمن بالنبي من الصبيان كان علي بن أبي طالب، وكان داعمًا ومؤمنًا برسالته.",1
7,من هو أول من آمن بالنبي من الصبيان؟,"أحد الصبيان الذين آمنوا بالنبي محمد من البداية كان علي بن أبي طالب، وكان داعمًا له منذ الصغر.",1
7,من هو أول من آمن بالنبي من الصبيان؟,أبو بكر الصديق (رضي الله عنه) كان أول من آمن بالنبي صلى الله عليه وسلم من الصبيان.,0
7,من هو أول من آمن بالنبي من الصبيان؟,عثمان بن عفان (رضي الله عنه) كان أول من آمن بالنبي صلى الله عليه وسلم من الصبيان.,0
7,من هو أول من آمن بالنبي من الصبيان؟,سعد بن أبي وقاص (رضي الله عنه) كان أول من آمن بالنبي صلى الله عليه وسلم من الصبيان.,0
7,من هو أول من آمن بالنبي من الصبيان؟,زيد بن حارثة (رضي الله عنه) كان أول من آمن بالنبي صلى الله عليه وسلم من الصبيان.,0
7,من هو أول من آمن بالنبي من الصبيان؟,عبدالله بن مسعود (رضي الله عنه) كان أول من آمن بالنبي صلى الله عليه وسلم من الصبيان.,0
7,من هو أول من آمن بالنبي من الصبيان؟,سعيد بن زيد كان أول من آمن بالنبي محمد من بين الصبيان.,0
7,من هو أول من آمن بالنبي من الصبيان؟,عبد الله بن العباس كان من بين الصبيان الأوائل الذين أسلموا وآمنوا برسالة النبي محمد.,0
7,من هو أول من آمن بالنبي من الصبيان؟,زيد بن حارثة كان من الصبيان الذين آمنوا وقبلوا الإسلام منذ البداية,0
7,من هو أول من آمن بالنبي من الصبيان؟,أبو جهل كان أول من آمن بالنبي من الصبيان.,0
7,من هو أول من آمن بالنبي من الصبيان؟,الصحابي خالد بن سعيد (رضي الله عنه) كان من الشبان الذين آمنوا بالنبي في مرحلة مبكرة.,0
7,من هو أول من آمن بالنبي من الصبيان؟,الصحابي عبد الله بن الحارث (رضي الله عنه) كان من الصبيان الأوائل الذين آمنوا بالرسول.,0
7,من هو أول من آمن بالنبي من الصبيان؟,أبو بكر الصديق (رضي الله عنه) كان أول من آمن بالنبي صلى الله عليه وسلم من الرجال.,0
7,من هو أول من آمن بالنبي من الصبيان؟,فاطمة بنت عميس (رضي الله عنها) كانت أول امرأة آمنت بالنبي محمد صلى الله عليه وسلم.,0
7,من هو أول من آمن بالنبي من الصبيان؟,الحسن بن علي (رضي الله عنه) كان من الصبيان الذين آمنوا بالنبي صلى الله عليه وسلم في المقدمة.,0
7,من هو أول من آمن بالنبي من الصبيان؟,زيد بن حارثة (رضي الله عنه) كان من أوائل الصبيان الذين آمنوا بالنبي صلى الله عليه وسلم.,0
7,من هو أول من آمن بالنبي من الصبيان؟,الصحابي جعفر بن أبي طالب (رضي الله عنه) كان من الصبيان الذين آمنوا برسالة النبي مبكرًا.,0
7,من هو أول من آمن بالنبي من الصبيان؟,عثمان بن عفان كان أول من آمن بالنبي صلى الله عليه وسلم من الصبيان.,0
7,من هو أول من آمن بالنبي من الصبيان؟,عمر بن الخطاب كان أول من آمن بالنبي صلى الله عليه وسلم من الصبيان.,0
7,من هو أول من آمن بالنبي من الصبيان؟,حمزة بن عبد المطلب كان أول من آمن بالنبي صلى الله عليه وسلم من الصبيان.,0
7,من هو أول من آمن بالنبي من الصبيان؟,خالد بن الوليد كان أول من آمن بالنبي صلى الله عليه وسلم من الصبيان.,0
8,من هو أوّل خلق الله تبارك وتعالى من البشر؟,آدم عليه السلام وحواء زوجته هما أول البشر اللذين خلقهما الله وأسسهما لبناء البشرية.,1
8,من هو أوّل خلق الله تبارك وتعالى من البشر؟,نبي الله آدم عليه السلام وحواء هما الزوجان الأولان في الخلق والذين بدأت منهما سلسلة البشر على الأرض.,1
8,من هو أوّل خلق الله تبارك وتعالى من البشر؟,آدم وحواء هما أول زوجين خلقهما الله ليكونا قائدين ومبدعين للبشرية.,1
8,من هو أوّل خلق الله تبارك وتعالى من البشر؟,"زوجانا الأولان، آدم وحواء، هما أساس تكوين الأسرة البشرية وبداية تاريخ البشرية على الأرض.",1
8,من هو أوّل خلق الله تبارك وتعالى من البشر؟,"آدم وحواء، الزوجان الأولان في الخلق، تم تكريمهما بمكانة خاصة كأبوين للبشرية.",1
8,من هو أوّل خلق الله تبارك وتعالى من البشر؟,آدم عليه السلام وحواء كانا من أوائل الأزواج الذين خلقهما الله.,1
8,من هو أوّل خلق الله تبارك وتعالى من البشر؟,نبينا آدم وحواء كانا أول زوجين في التاريخ البشري وهما أسسا العائلة الإنسانية.,1
8,من هو أوّل خلق الله تبارك وتعالى من البشر؟,"زوجان السماء والأرض، آدم وحواء، هما أول زوجين في الوجود البشري.",1
8,من هو أوّل خلق الله تبارك وتعالى من البشر؟,آدم وحواء كانا أول زوجين خلقهما الله ليبدأوا حياة البشرية على الأرض.,1
8,من هو أوّل خلق الله تبارك وتعالى من البشر؟,"زوجا الجنة، آدم وحواء، كانا أول زوجين وأبوين للبشرية حسب الإيمان الديني.",1
8,من هو أوّل خلق الله تبارك وتعالى من البشر؟,آدم وحواء هما أول زوجين خلقهما الله تبارك وتعالى.,1
8,من هو أوّل خلق الله تبارك وتعالى من البشر؟,آدم عليه السلام وحواء زوجته كانا من أوّل الخلق الذين خلقهم الله تعالى.,1
8,من هو أوّل خلق الله تبارك وتعالى من البشر؟,النبي آدم وحواء زوجته هما الإنسانين الأولين اللذين خلقهما الله تبارك وتعالى.,1
8,من هو أوّل خلق الله تبارك وتعالى من البشر؟,آدم وحواء كانا الزوجين الأولين اللذين خلقهما الله وفق الروايات الدينية.,1
8,من هو أوّل خلق الله تبارك وتعالى من البشر؟,آدم وحواء هما الزوجان الذين بدأوا البشرية على الأرض بعد خلقهما من قبل الله.,1
8,من هو أوّل خلق الله تبارك وتعالى من البشر؟,آدم عليه السلام وحواء زوجته هما الإنسانان الأولان الذين خلقهما الله في الأرض وهما بداية البشرية.,1
8,من هو أوّل خلق الله تبارك وتعالى من البشر؟,آدم عليه السلام وحواء هي الزوجان اللذان خلقهما الله تبارك وتعالى وكانا أوّل البشر.,1
8,من هو أوّل خلق الله تبارك وتعالى من البشر؟,آدم عليه السلام وزوجته حواء كانا من أوّل الخلق البشري الذي خلقهما الله تبارك وتعالى.,1
8,من هو أوّل خلق الله تبارك وتعالى من البشر؟,"أوّل البشر الذي خلقهم الله تبارك وتعالى هما آدم وحواء، عليهما السلام.",1
8,من هو أوّل خلق الله تبارك وتعالى من البشر؟,أوّل خلق الله من البشر هم آدم عليه السلام وحواء زوجته.,1
8,من هو أوّل خلق الله تبارك وتعالى من البشر؟,الماء كان أوّل ما خلقه الله تعالى قبل خلق الكون والكائنات الأخرى.,0
8,من هو أوّل خلق الله تبارك وتعالى من البشر؟,القلم كان من بين أوّل ما خلقه الله تبارك وتعالى وهو الذي كتب به كل القضاء والقدر.,0
8,من هو أوّل خلق الله تبارك وتعالى من البشر؟,الملك العظيم جبريل (عليه السلام) كان من أوّل الخلق الذين خلقهم الله.,0
8,من هو أوّل خلق الله تبارك وتعالى من البشر؟,العرش كان من بين أوّل ما خلقه الله تبارك وتعالى وهو أعظم الخلق في السماوات والأرض.,0
8,من هو أوّل خلق الله تبارك وتعالى من البشر؟,النبي محمد صلى الله عليه وسلم: يُعتبر من الأقوياء من الخلق الأول الذي خلقه الله.,0
8,من هو أوّل خلق الله تبارك وتعالى من البشر؟,الماء: يُعتبر الماء من أوّل ما خلقه الله تعالى.,0
8,من هو أوّل خلق الله تبارك وتعالى من البشر؟,"العرش: بحسب البعض، يُعتبر العرش أوّل ما خلقه الله تبارك وتعالى.",0
8,من هو أوّل خلق الله تبارك وتعالى من البشر؟,القلم: القلم وصف بأنه من أوّل ما خلقه الله وفقاً لبعض الروايات الدينية.,0
8,من هو أوّل خلق الله تبارك وتعالى من البشر؟,النبي محمد صلى الله عليه وسلم قد أُوتي الفضل بأنه أول خلق الله.,0
8,من هو أوّل خلق الله تبارك وتعالى من البشر؟,الملك الأعلى أو العرش كان أوّل خلق الله تبارك وتعالى.,0
8,من هو أوّل خلق الله تبارك وتعالى من البشر؟,القلم كان أوّل ما خلق الله وبه كتب القدر.,0
8,من هو أوّل خلق الله تبارك وتعالى من البشر؟,النور الذي وصف في القرآن كان أوّل ما خلق الله.,0
8,من هو أوّل خلق الله تبارك وتعالى من البشر؟,الجنة كانت أوّل ما خلق الله وهي مأوى البراءة والسعادة الأبدية,0
8,من هو أوّل خلق الله تبارك وتعالى من البشر؟,"النبي محمد صلى الله عليه وسلم، حيث يُعتقد بعض الناس أنه كان أول من خلقه الله.",0
8,من هو أوّل خلق الله تبارك وتعالى من البشر؟,"الماء، حيث يروج بعض الفقهاء لفكرة أن الماء كان أوّل ما خلقه الله.",0
8,من هو أوّل خلق الله تبارك وتعالى من البشر؟,"القلم، ففي بعض الروايات الإسلامية يُعتقد أن الله خلق القلم أولاً.",0
8,من هو أوّل خلق الله تبارك وتعالى من البشر؟,"العرش، حيث يقول بعض الفقهاء أن الله خلق العرش قبل خلق السماوات والأرض.",0
8,من هو أوّل خلق الله تبارك وتعالى من البشر؟,"النور، فهناك اعتقادات تفيد بأن الله خلق النور قبل بقية الخلق.",0
8,من هو أوّل خلق الله تبارك وتعالى من البشر؟,الملائكة كانوا من أوّل ما خلقهم الله تعالى.,0
8,من هو أوّل خلق الله تبارك وتعالى من البشر؟,النبي نوح عليه السلام كان أوّل خلق الله من البشر.,0
